{
    "version": "2023-08-31",
    "name": "Mistral-large_800_200_summary",
    "model": "Mistral-large",
    "timestamp": 1724930534,
    "subscription_id": "75703df0-38f9-4e2e-8328-45f6fc810286",
    "resource_group": "rg-sonata-sweden",
    "workspaces": "llmperf-project-sweden",
    "region": "swedencentral",
    "Provider_Platform": "Azure MaaS",
    "source_mean_input_tokens": 800,
    "source_stddev_input_tokens": 2,
    "source_mean_output_tokens": 200,
    "source_stddev_output_tokens": 2,
    "source_num_concurrent_requests": 1,
    "source_max_num_completed_requests": 10,
    "results_inter_token_latency_s_quantiles_p25": 0.026467665898886217,
    "results_inter_token_latency_s_quantiles_p50": 0.026801915199761633,
    "results_inter_token_latency_s_quantiles_p75": 0.02702902154146109,
    "results_inter_token_latency_s_quantiles_p90": 0.02841229934098084,
    "results_inter_token_latency_s_quantiles_p95": 0.03110585134197505,
    "results_inter_token_latency_s_quantiles_p99": 0.033260692942770426,
    "results_inter_token_latency_s_mean": 0.027484776460850586,
    "results_inter_token_latency_s_min": 0.02630094471148298,
    "results_inter_token_latency_s_max": 0.03379940334296927,
    "results_inter_token_latency_s_stddev": 0.002263115460566593,
    "results_ttft_s_quantiles_p25": 1.156698756750302,
    "results_ttft_s_quantiles_p50": 1.1774928244994953,
    "results_ttft_s_quantiles_p75": 1.198900970250179,
    "results_ttft_s_quantiles_p90": 1.213807599197753,
    "results_ttft_s_quantiles_p95": 1.2433435750994248,
    "results_ttft_s_quantiles_p99": 1.2669723558207624,
    "results_ttft_s_mean": 1.1811334627996986,
    "results_ttft_s_min": 1.1287090360019647,
    "results_ttft_s_max": 1.2728795510010968,
    "results_ttft_s_stddev": 0.04179032975992745,
    "results_end_to_end_latency_s_quantiles_p25": 5.446465678499408,
    "results_end_to_end_latency_s_quantiles_p50": 5.561739828501231,
    "results_end_to_end_latency_s_quantiles_p75": 5.592230030998508,
    "results_end_to_end_latency_s_quantiles_p90": 5.776837531897399,
    "results_end_to_end_latency_s_quantiles_p95": 6.507707920448409,
    "results_end_to_end_latency_s_quantiles_p99": 7.09240423128922,
    "results_end_to_end_latency_s_mean": 5.670273849999648,
    "results_end_to_end_latency_s_min": 5.225540997998905,
    "results_end_to_end_latency_s_max": 7.238578308999422,
    "results_end_to_end_latency_s_stddev": 0.5639899922871101,
    "results_request_output_throughput_token_per_s_quantiles_p25": 33.11124985752258,
    "results_request_output_throughput_token_per_s_quantiles_p50": 33.20515368489342,
    "results_request_output_throughput_token_per_s_quantiles_p75": 33.465275297976305,
    "results_request_output_throughput_token_per_s_quantiles_p90": 33.57258109466571,
    "results_request_output_throughput_token_per_s_quantiles_p95": 33.947096410004974,
    "results_request_output_throughput_token_per_s_quantiles_p99": 34.24670866227639,
    "results_request_output_throughput_token_per_s_mean": 32.554967742011954,
    "results_request_output_throughput_token_per_s_min": 25.833802166305325,
    "results_request_output_throughput_token_per_s_max": 34.32161172534424,
    "results_request_output_throughput_token_per_s_stddev": 2.409811283163565,
    "results_number_input_tokens_quantiles_p25": 797.5,
    "results_number_input_tokens_quantiles_p50": 800.0,
    "results_number_input_tokens_quantiles_p75": 801.75,
    "results_number_input_tokens_quantiles_p90": 802.0,
    "results_number_input_tokens_quantiles_p95": 802.0,
    "results_number_input_tokens_quantiles_p99": 802.0,
    "results_number_input_tokens_mean": 799.4,
    "results_number_input_tokens_min": 795,
    "results_number_input_tokens_max": 802,
    "results_number_input_tokens_stddev": 2.6331223544175333,
    "results_number_output_tokens_quantiles_p25": 197.25,
    "results_number_output_tokens_quantiles_p50": 203.5,
    "results_number_output_tokens_quantiles_p75": 205.75,
    "results_number_output_tokens_quantiles_p90": 208.2,
    "results_number_output_tokens_quantiles_p95": 209.1,
    "results_number_output_tokens_quantiles_p99": 209.82,
    "results_number_output_tokens_mean": 202.1,
    "results_number_output_tokens_min": 194,
    "results_number_output_tokens_max": 210,
    "results_number_output_tokens_stddev": 5.486346689738081,
    "results_num_requests_started": 10,
    "results_error_rate": 0.0,
    "results_number_errors": 0,
    "results_error_code_frequency": "{}",
    "results_mean_output_throughput_token_per_s": 33.844359134189936,
    "results_num_completed_requests": 10,
    "results_num_completed_requests_per_min": 10.04780577957148
}