{
    "version": "2023-08-31",
    "name": "Mistral-large_200_800_summary",
    "model": "Mistral-large",
    "timestamp": 1724929527,
    "subscription_id": "75703df0-38f9-4e2e-8328-45f6fc810286",
    "resource_group": "rg-sonata-sweden",
    "workspaces": "llmperf-project-sweden",
    "region": "swedencentral",
    "Provider_Platform": "Azure MaaS",
    "source_mean_input_tokens": 200,
    "source_stddev_input_tokens": 2,
    "source_mean_output_tokens": 800,
    "source_stddev_output_tokens": 2,
    "source_num_concurrent_requests": 1,
    "source_max_num_completed_requests": 10,
    "results_inter_token_latency_s_quantiles_p25": 0.021773373124327592,
    "results_inter_token_latency_s_quantiles_p50": 0.021999524883435095,
    "results_inter_token_latency_s_quantiles_p75": 0.02218974828776043,
    "results_inter_token_latency_s_quantiles_p90": 0.02231420696347529,
    "results_inter_token_latency_s_quantiles_p95": 0.022377908377933835,
    "results_inter_token_latency_s_quantiles_p99": 0.02242886950950067,
    "results_inter_token_latency_s_mean": 0.02195620988413473,
    "results_inter_token_latency_s_min": 0.02139330082012016,
    "results_inter_token_latency_s_max": 0.022441609792392382,
    "results_inter_token_latency_s_stddev": 0.0003511077913571478,
    "results_ttft_s_quantiles_p25": 1.0932801100007055,
    "results_ttft_s_quantiles_p50": 1.11865935950118,
    "results_ttft_s_quantiles_p75": 1.1410978022504423,
    "results_ttft_s_quantiles_p90": 1.1849340088021563,
    "results_ttft_s_quantiles_p95": 1.1880580069015196,
    "results_ttft_s_quantiles_p99": 1.19055720538101,
    "results_ttft_s_mean": 1.1242718191006134,
    "results_ttft_s_min": 1.0807515769993188,
    "results_ttft_s_max": 1.1911820050008828,
    "results_ttft_s_stddev": 0.03889950278533685,
    "results_end_to_end_latency_s_quantiles_p25": 13.889874676001455,
    "results_end_to_end_latency_s_quantiles_p50": 18.068570294501114,
    "results_end_to_end_latency_s_quantiles_p75": 18.15175913524854,
    "results_end_to_end_latency_s_quantiles_p90": 18.18743958960149,
    "results_end_to_end_latency_s_quantiles_p95": 18.222538300800988,
    "results_end_to_end_latency_s_quantiles_p99": 18.250617269760586,
    "results_end_to_end_latency_s_mean": 16.285978365300615,
    "results_end_to_end_latency_s_min": 12.029589437999675,
    "results_end_to_end_latency_s_max": 18.257637012000487,
    "results_end_to_end_latency_s_stddev": 2.7519354918702517,
    "results_request_output_throughput_token_per_s_quantiles_p25": 40.56345643287141,
    "results_request_output_throughput_token_per_s_quantiles_p50": 40.700205741177015,
    "results_request_output_throughput_token_per_s_quantiles_p75": 41.30999667735324,
    "results_request_output_throughput_token_per_s_quantiles_p90": 42.044025634337764,
    "results_request_output_throughput_token_per_s_quantiles_p95": 42.23830197176572,
    "results_request_output_throughput_token_per_s_quantiles_p99": 42.393723041708085,
    "results_request_output_throughput_token_per_s_mean": 40.982300397758635,
    "results_request_output_throughput_token_per_s_min": 40.266091364708494,
    "results_request_output_throughput_token_per_s_max": 42.43257830919368,
    "results_request_output_throughput_token_per_s_stddev": 0.7377292598473936,
    "results_number_input_tokens_quantiles_p25": 197.25,
    "results_number_input_tokens_quantiles_p50": 198.0,
    "results_number_input_tokens_quantiles_p75": 199.0,
    "results_number_input_tokens_quantiles_p90": 200.0,
    "results_number_input_tokens_quantiles_p95": 200.0,
    "results_number_input_tokens_quantiles_p99": 200.0,
    "results_number_input_tokens_mean": 198.3,
    "results_number_input_tokens_min": 197,
    "results_number_input_tokens_max": 200,
    "results_number_input_tokens_stddev": 1.1595018087284057,
    "results_number_output_tokens_quantiles_p25": 628.5,
    "results_number_output_tokens_quantiles_p50": 816.5,
    "results_number_output_tokens_quantiles_p75": 822.75,
    "results_number_output_tokens_quantiles_p90": 831.5,
    "results_number_output_tokens_quantiles_p95": 838.25,
    "results_number_output_tokens_quantiles_p99": 843.65,
    "results_number_output_tokens_mean": 738.7,
    "results_number_output_tokens_min": 530,
    "results_number_output_tokens_max": 845,
    "results_number_output_tokens_stddev": 131.39089263212526,
    "results_num_requests_started": 10,
    "results_error_rate": 0.0,
    "results_number_errors": 0,
    "results_error_code_frequency": "{}",
    "results_mean_output_throughput_token_per_s": 44.55687941322267,
    "results_num_completed_requests": 10,
    "results_num_completed_requests_per_min": 3.6190777917874106
}