{
    "version": "2023-08-31",
    "name": "Mistral-large_200_800_summary",
    "model": "Mistral-large",
    "timestamp": 1724929264,
    "subscription_id": "75703df0-38f9-4e2e-8328-45f6fc810286",
    "resource_group": "rg-sonata-sweden",
    "workspaces": "llmperf-project-sweden",
    "region": "swedencentral",
    "Provider_Platform": "Azure MaaS",
    "source_mean_input_tokens": 200,
    "source_stddev_input_tokens": 2,
    "source_mean_output_tokens": 800,
    "source_stddev_output_tokens": 2,
    "source_num_concurrent_requests": 1,
    "source_max_num_completed_requests": 10,
    "results_inter_token_latency_s_quantiles_p25": 0.02225830500829025,
    "results_inter_token_latency_s_quantiles_p50": 0.022609520779262413,
    "results_inter_token_latency_s_quantiles_p75": 0.025150379751339755,
    "results_inter_token_latency_s_quantiles_p90": 0.08117458378407805,
    "results_inter_token_latency_s_quantiles_p95": 0.3230891113919233,
    "results_inter_token_latency_s_quantiles_p99": 0.5166207334782004,
    "results_inter_token_latency_s_mean": 0.07751817000627793,
    "results_inter_token_latency_s_min": 0.021649594405839773,
    "results_inter_token_latency_s_max": 0.5650036389997695,
    "results_inter_token_latency_s_stddev": 0.17129470465777366,
    "results_ttft_s_quantiles_p25": 1.1252515197511457,
    "results_ttft_s_quantiles_p50": 1.1309181565011386,
    "results_ttft_s_quantiles_p75": 1.1560147830005008,
    "results_ttft_s_quantiles_p90": 1.2026950449027936,
    "results_ttft_s_quantiles_p95": 1.2550183759518403,
    "results_ttft_s_quantiles_p99": 1.296877040791078,
    "results_ttft_s_mean": 1.1496373459009193,
    "results_ttft_s_min": 1.0648732250010653,
    "results_ttft_s_max": 1.3073417070008873,
    "results_ttft_s_stddev": 0.06417472654595012,
    "results_end_to_end_latency_s_quantiles_p25": 5.95953108725007,
    "results_end_to_end_latency_s_quantiles_p50": 12.087176276001628,
    "results_end_to_end_latency_s_quantiles_p75": 18.061033913250867,
    "results_end_to_end_latency_s_quantiles_p90": 18.178224227300234,
    "results_end_to_end_latency_s_quantiles_p95": 18.439010870150014,
    "results_end_to_end_latency_s_quantiles_p99": 18.64764018442984,
    "results_end_to_end_latency_s_mean": 11.71946418950065,
    "results_end_to_end_latency_s_min": 2.070159357997909,
    "results_end_to_end_latency_s_max": 18.699797512999794,
    "results_end_to_end_latency_s_stddev": 6.437094929803733,
    "results_request_output_throughput_token_per_s_quantiles_p25": 35.88053554570379,
    "results_request_output_throughput_token_per_s_quantiles_p50": 39.11859477749404,
    "results_request_output_throughput_token_per_s_quantiles_p75": 40.049959425121585,
    "results_request_output_throughput_token_per_s_quantiles_p90": 40.27618266013844,
    "results_request_output_throughput_token_per_s_quantiles_p95": 40.47867227954349,
    "results_request_output_throughput_token_per_s_quantiles_p99": 40.640663975067525,
    "results_request_output_throughput_token_per_s_mean": 34.492577302785946,
    "results_request_output_throughput_token_per_s_min": 1.4491637991103052,
    "results_request_output_throughput_token_per_s_max": 40.68116189894853,
    "results_request_output_throughput_token_per_s_stddev": 11.900825299242303,
    "results_number_input_tokens_quantiles_p25": 198.0,
    "results_number_input_tokens_quantiles_p50": 199.5,
    "results_number_input_tokens_quantiles_p75": 200.75,
    "results_number_input_tokens_quantiles_p90": 201.0,
    "results_number_input_tokens_quantiles_p95": 201.0,
    "results_number_input_tokens_quantiles_p99": 201.0,
    "results_number_input_tokens_mean": 199.3,
    "results_number_input_tokens_min": 197,
    "results_number_input_tokens_max": 201,
    "results_number_input_tokens_stddev": 1.4944341180973264,
    "results_number_output_tokens_quantiles_p25": 233.5,
    "results_number_output_tokens_quantiles_p50": 529.0,
    "results_number_output_tokens_quantiles_p75": 817.75,
    "results_number_output_tokens_quantiles_p90": 824.4,
    "results_number_output_tokens_quantiles_p95": 826.2,
    "results_number_output_tokens_quantiles_p99": 827.64,
    "results_number_output_tokens_mean": 504.8,
    "results_number_output_tokens_min": 2,
    "results_number_output_tokens_max": 828,
    "results_number_output_tokens_stddev": 316.7507958421994,
    "results_num_requests_started": 10,
    "results_error_rate": 0.0,
    "results_number_errors": 0,
    "results_error_code_frequency": "{}",
    "results_mean_output_throughput_token_per_s": 42.06810654892664,
    "results_num_completed_requests": 10,
    "results_num_completed_requests_per_min": 5.000171142899363
}