{
    "version": "2023-08-31",
    "name": "Mistral-large_800_200_summary",
    "model": "Mistral-large",
    "timestamp": 1724929921,
    "subscription_id": "75703df0-38f9-4e2e-8328-45f6fc810286",
    "resource_group": "rg-sonata-sweden",
    "workspaces": "llmperf-project-sweden",
    "region": "swedencentral",
    "Provider_Platform": "Azure MaaS",
    "source_mean_input_tokens": 800,
    "source_stddev_input_tokens": 2,
    "source_mean_output_tokens": 200,
    "source_stddev_output_tokens": 2,
    "source_num_concurrent_requests": 1,
    "source_max_num_completed_requests": 10,
    "results_inter_token_latency_s_quantiles_p25": 0.026475038350597658,
    "results_inter_token_latency_s_quantiles_p50": 0.02657176324005427,
    "results_inter_token_latency_s_quantiles_p75": 0.02702417222024224,
    "results_inter_token_latency_s_quantiles_p90": 0.02709964910651042,
    "results_inter_token_latency_s_quantiles_p95": 0.027203952688775308,
    "results_inter_token_latency_s_quantiles_p99": 0.02728739555458722,
    "results_inter_token_latency_s_mean": 0.026685491917179387,
    "results_inter_token_latency_s_min": 0.02598251478162832,
    "results_inter_token_latency_s_max": 0.027308256271040197,
    "results_inter_token_latency_s_stddev": 0.0003939304539206622,
    "results_ttft_s_quantiles_p25": 1.1601116202500634,
    "results_ttft_s_quantiles_p50": 1.180097228500017,
    "results_ttft_s_quantiles_p75": 1.2101025142501385,
    "results_ttft_s_quantiles_p90": 1.2259615501014196,
    "results_ttft_s_quantiles_p95": 1.2512246720501934,
    "results_ttft_s_quantiles_p99": 1.2714351696092125,
    "results_ttft_s_mean": 1.1865526010002214,
    "results_ttft_s_min": 1.1207723379993695,
    "results_ttft_s_max": 1.2764877939989674,
    "results_ttft_s_stddev": 0.04332883499549898,
    "results_end_to_end_latency_s_quantiles_p25": 5.490129396751399,
    "results_end_to_end_latency_s_quantiles_p50": 5.526707531498687,
    "results_end_to_end_latency_s_quantiles_p75": 5.557161816747794,
    "results_end_to_end_latency_s_quantiles_p90": 5.578914317800445,
    "results_end_to_end_latency_s_quantiles_p95": 5.628470985400599,
    "results_end_to_end_latency_s_quantiles_p99": 5.668116319480723,
    "results_end_to_end_latency_s_mean": 5.519437745799951,
    "results_end_to_end_latency_s_min": 5.3526335490023484,
    "results_end_to_end_latency_s_max": 5.678027653000754,
    "results_end_to_end_latency_s_stddev": 0.08539346846542768,
    "results_request_output_throughput_token_per_s_quantiles_p25": 33.0927421783289,
    "results_request_output_throughput_token_per_s_quantiles_p50": 33.1793331483458,
    "results_request_output_throughput_token_per_s_quantiles_p75": 33.378096782464766,
    "results_request_output_throughput_token_per_s_quantiles_p90": 36.6794690356311,
    "results_request_output_throughput_token_per_s_quantiles_p95": 37.11553881675391,
    "results_request_output_throughput_token_per_s_quantiles_p99": 37.46439464165216,
    "results_request_output_throughput_token_per_s_mean": 33.86296446820374,
    "results_request_output_throughput_token_per_s_min": 32.45970110797249,
    "results_request_output_throughput_token_per_s_max": 37.55160859787672,
    "results_request_output_throughput_token_per_s_stddev": 1.7269027177180865,
    "results_number_input_tokens_quantiles_p25": 798.0,
    "results_number_input_tokens_quantiles_p50": 799.0,
    "results_number_input_tokens_quantiles_p75": 800.0,
    "results_number_input_tokens_quantiles_p90": 801.2,
    "results_number_input_tokens_quantiles_p95": 802.1,
    "results_number_input_tokens_quantiles_p99": 802.82,
    "results_number_input_tokens_mean": 799.2,
    "results_number_input_tokens_min": 797,
    "results_number_input_tokens_max": 803,
    "results_number_input_tokens_stddev": 1.873795909674026,
    "results_number_output_tokens_quantiles_p25": 201.25,
    "results_number_output_tokens_quantiles_p50": 203.0,
    "results_number_output_tokens_quantiles_p75": 204.75,
    "results_number_output_tokens_quantiles_p90": 205.1,
    "results_number_output_tokens_quantiles_p95": 205.55,
    "results_number_output_tokens_quantiles_p99": 205.91,
    "results_number_output_tokens_mean": 202.7,
    "results_number_output_tokens_min": 199,
    "results_number_output_tokens_max": 206,
    "results_number_output_tokens_stddev": 2.4517567397911053,
    "results_num_requests_started": 10,
    "results_error_rate": 0.0,
    "results_number_errors": 0,
    "results_error_code_frequency": "{}",
    "results_mean_output_throughput_token_per_s": 34.86638043448163,
    "results_num_completed_requests": 10,
    "results_num_completed_requests_per_min": 10.320586216422782
}