{
    "version": "2023-08-31",
    "name": "Mistral-large_200_800_summary",
    "model": "Mistral-large",
    "timestamp": 1724928810,
    "subscription_id": "75703df0-38f9-4e2e-8328-45f6fc810286",
    "resource_group": "rg-sonata-sweden",
    "workspaces": "llmperf-project-sweden",
    "region": "swedencentral",
    "Provider_Platform": "Azure MaaS",
    "source_mean_input_tokens": 200,
    "source_stddev_input_tokens": 2,
    "source_mean_output_tokens": 800,
    "source_stddev_output_tokens": 2,
    "source_num_concurrent_requests": 1,
    "source_max_num_completed_requests": 10,
    "results_inter_token_latency_s_quantiles_p25": 0.021956633344776724,
    "results_inter_token_latency_s_quantiles_p50": 0.02208224745263076,
    "results_inter_token_latency_s_quantiles_p75": 0.02320745081970029,
    "results_inter_token_latency_s_quantiles_p90": 0.024756380433995178,
    "results_inter_token_latency_s_quantiles_p95": 0.025105686683454406,
    "results_inter_token_latency_s_quantiles_p99": 0.025385131683021787,
    "results_inter_token_latency_s_mean": 0.022633079547038408,
    "results_inter_token_latency_s_min": 0.02068893755905685,
    "results_inter_token_latency_s_max": 0.02545499293291363,
    "results_inter_token_latency_s_stddev": 0.0014727524158448559,
    "results_ttft_s_quantiles_p25": 1.1025226397514416,
    "results_ttft_s_quantiles_p50": 1.1209731495018787,
    "results_ttft_s_quantiles_p75": 1.201025192749512,
    "results_ttft_s_quantiles_p90": 1.3186280061017892,
    "results_ttft_s_quantiles_p95": 1.7396659615515082,
    "results_ttft_s_quantiles_p99": 2.0764963259112847,
    "results_ttft_s_mean": 1.234071638801106,
    "results_ttft_s_min": 1.0581900370016228,
    "results_ttft_s_max": 2.1607039170012285,
    "results_ttft_s_stddev": 0.3300947441465763,
    "results_end_to_end_latency_s_quantiles_p25": 11.615582090001226,
    "results_end_to_end_latency_s_quantiles_p50": 15.356546230001186,
    "results_end_to_end_latency_s_quantiles_p75": 17.576763760252106,
    "results_end_to_end_latency_s_quantiles_p90": 17.857413868301954,
    "results_end_to_end_latency_s_quantiles_p95": 18.00467804815089,
    "results_end_to_end_latency_s_quantiles_p99": 18.122489392030037,
    "results_end_to_end_latency_s_mean": 14.290867616701144,
    "results_end_to_end_latency_s_min": 7.837739451999369,
    "results_end_to_end_latency_s_max": 18.151942227999825,
    "results_end_to_end_latency_s_stddev": 3.822555958448807,
    "results_request_output_throughput_token_per_s_quantiles_p25": 39.69892467565757,
    "results_request_output_throughput_token_per_s_quantiles_p50": 40.18271782282136,
    "results_request_output_throughput_token_per_s_quantiles_p75": 41.035884639390375,
    "results_request_output_throughput_token_per_s_quantiles_p90": 41.51053627823784,
    "results_request_output_throughput_token_per_s_quantiles_p95": 41.6938024584226,
    "results_request_output_throughput_token_per_s_quantiles_p99": 41.84041540257041,
    "results_request_output_throughput_token_per_s_mean": 39.204247703795126,
    "results_request_output_throughput_token_per_s_min": 32.15212773317133,
    "results_request_output_throughput_token_per_s_max": 41.87706863860736,
    "results_request_output_throughput_token_per_s_stddev": 3.169634920712605,
    "results_number_input_tokens_quantiles_p25": 198.0,
    "results_number_input_tokens_quantiles_p50": 198.0,
    "results_number_input_tokens_quantiles_p75": 200.75,
    "results_number_input_tokens_quantiles_p90": 201.1,
    "results_number_input_tokens_quantiles_p95": 201.55,
    "results_number_input_tokens_quantiles_p99": 201.91,
    "results_number_input_tokens_mean": 199.0,
    "results_number_input_tokens_min": 197,
    "results_number_input_tokens_max": 202,
    "results_number_input_tokens_stddev": 1.8257418583505538,
    "results_number_output_tokens_quantiles_p25": 467.75,
    "results_number_output_tokens_quantiles_p50": 693.0,
    "results_number_output_tokens_quantiles_p75": 807.0,
    "results_number_output_tokens_quantiles_p90": 828.9,
    "results_number_output_tokens_quantiles_p95": 841.9499999999999,
    "results_number_output_tokens_quantiles_p99": 852.39,
    "results_number_output_tokens_mean": 633.5,
    "results_number_output_tokens_min": 277,
    "results_number_output_tokens_max": 855,
    "results_number_output_tokens_stddev": 206.84736723809982,
    "results_num_requests_started": 10,
    "results_error_rate": 0.0,
    "results_number_errors": 0,
    "results_error_code_frequency": "{}",
    "results_mean_output_throughput_token_per_s": 43.41829742149526,
    "results_num_completed_requests": 10,
    "results_num_completed_requests_per_min": 4.112230221451801
}