{
    "version": "2023-08-31",
    "name": "Mistral-large_800_200_summary",
    "model": "Mistral-large",
    "timestamp": 1724930002,
    "subscription_id": "75703df0-38f9-4e2e-8328-45f6fc810286",
    "resource_group": "rg-sonata-sweden",
    "workspaces": "llmperf-project-sweden",
    "region": "swedencentral",
    "Provider_Platform": "Azure MaaS",
    "source_mean_input_tokens": 800,
    "source_stddev_input_tokens": 2,
    "source_mean_output_tokens": 200,
    "source_stddev_output_tokens": 2,
    "source_num_concurrent_requests": 1,
    "source_max_num_completed_requests": 10,
    "results_inter_token_latency_s_quantiles_p25": 0.02637720376000874,
    "results_inter_token_latency_s_quantiles_p50": 0.026533076146067577,
    "results_inter_token_latency_s_quantiles_p75": 0.02675519381680155,
    "results_inter_token_latency_s_quantiles_p90": 0.026777672183891512,
    "results_inter_token_latency_s_quantiles_p95": 0.026787086831969814,
    "results_inter_token_latency_s_quantiles_p99": 0.02679461855043246,
    "results_inter_token_latency_s_mean": 0.026493344932060726,
    "results_inter_token_latency_s_min": 0.02583885089067432,
    "results_inter_token_latency_s_max": 0.02679650148004812,
    "results_inter_token_latency_s_stddev": 0.0003088185012299631,
    "results_ttft_s_quantiles_p25": 1.1526999270008673,
    "results_ttft_s_quantiles_p50": 1.1674380520016712,
    "results_ttft_s_quantiles_p75": 1.179173373751837,
    "results_ttft_s_quantiles_p90": 1.1967889744988498,
    "results_ttft_s_quantiles_p95": 1.1978609532505289,
    "results_ttft_s_quantiles_p99": 1.1987185362518722,
    "results_ttft_s_mean": 1.1656835055007833,
    "results_ttft_s_min": 1.1171710109993,
    "results_ttft_s_max": 1.198932932002208,
    "results_ttft_s_stddev": 0.024501296137937164,
    "results_end_to_end_latency_s_quantiles_p25": 5.479129104999629,
    "results_end_to_end_latency_s_quantiles_p50": 5.532677411500117,
    "results_end_to_end_latency_s_quantiles_p75": 5.555721233751683,
    "results_end_to_end_latency_s_quantiles_p90": 5.563203446401166,
    "results_end_to_end_latency_s_quantiles_p95": 5.582778880200567,
    "results_end_to_end_latency_s_quantiles_p99": 5.598439227240087,
    "results_end_to_end_latency_s_mean": 5.5123412818004,
    "results_end_to_end_latency_s_min": 5.381561987000168,
    "results_end_to_end_latency_s_max": 5.602354313999967,
    "results_end_to_end_latency_s_stddev": 0.06761815489466026,
    "results_request_output_throughput_token_per_s_quantiles_p25": 33.22685465400645,
    "results_request_output_throughput_token_per_s_quantiles_p50": 33.468771920897225,
    "results_request_output_throughput_token_per_s_quantiles_p75": 33.5516365845654,
    "results_request_output_throughput_token_per_s_quantiles_p90": 34.19946475644508,
    "results_request_output_throughput_token_per_s_quantiles_p95": 34.238380556573674,
    "results_request_output_throughput_token_per_s_quantiles_p99": 34.26951319667655,
    "results_request_output_throughput_token_per_s_mean": 33.51024155543685,
    "results_request_output_throughput_token_per_s_min": 32.920458317173846,
    "results_request_output_throughput_token_per_s_max": 34.277296356702266,
    "results_request_output_throughput_token_per_s_stddev": 0.43302392423743014,
    "results_number_input_tokens_quantiles_p25": 798.0,
    "results_number_input_tokens_quantiles_p50": 799.0,
    "results_number_input_tokens_quantiles_p75": 800.0,
    "results_number_input_tokens_quantiles_p90": 800.3,
    "results_number_input_tokens_quantiles_p95": 801.65,
    "results_number_input_tokens_quantiles_p99": 802.73,
    "results_number_input_tokens_mean": 799.0,
    "results_number_input_tokens_min": 796,
    "results_number_input_tokens_max": 803,
    "results_number_input_tokens_stddev": 2.0,
    "results_number_output_tokens_quantiles_p25": 202.0,
    "results_number_output_tokens_quantiles_p50": 202.5,
    "results_number_output_tokens_quantiles_p75": 205.5,
    "results_number_output_tokens_quantiles_p90": 207.3,
    "results_number_output_tokens_quantiles_p95": 208.65,
    "results_number_output_tokens_quantiles_p99": 209.73,
    "results_number_output_tokens_mean": 203.8,
    "results_number_output_tokens_min": 201,
    "results_number_output_tokens_max": 210,
    "results_number_output_tokens_stddev": 2.9739610697593943,
    "results_num_requests_started": 10,
    "results_error_rate": 0.0,
    "results_number_errors": 0,
    "results_error_code_frequency": "{}",
    "results_mean_output_throughput_token_per_s": 35.1475266401273,
    "results_num_completed_requests": 10,
    "results_num_completed_requests_per_min": 10.347652592775457
}