{
    "version": "2023-08-31",
    "name": "Mistral-large_200_800_summary",
    "model": "Mistral-large",
    "timestamp": 1724929087,
    "subscription_id": "75703df0-38f9-4e2e-8328-45f6fc810286",
    "resource_group": "rg-sonata-sweden",
    "workspaces": "llmperf-project-sweden",
    "region": "swedencentral",
    "Provider_Platform": "Azure MaaS",
    "source_mean_input_tokens": 200,
    "source_stddev_input_tokens": 2,
    "source_mean_output_tokens": 800,
    "source_stddev_output_tokens": 2,
    "source_num_concurrent_requests": 1,
    "source_max_num_completed_requests": 10,
    "results_inter_token_latency_s_quantiles_p25": 0.021755247382258154,
    "results_inter_token_latency_s_quantiles_p50": 0.021952640932231607,
    "results_inter_token_latency_s_quantiles_p75": 0.02226185706744692,
    "results_inter_token_latency_s_quantiles_p90": 0.023232228593389928,
    "results_inter_token_latency_s_quantiles_p95": 0.023606969248482018,
    "results_inter_token_latency_s_quantiles_p99": 0.023906761772555695,
    "results_inter_token_latency_s_mean": 0.022201994895225667,
    "results_inter_token_latency_s_min": 0.021322347151681513,
    "results_inter_token_latency_s_max": 0.02398170990357411,
    "results_inter_token_latency_s_stddev": 0.0007917318452985264,
    "results_ttft_s_quantiles_p25": 1.1020013700017444,
    "results_ttft_s_quantiles_p50": 1.1144998814997962,
    "results_ttft_s_quantiles_p75": 1.1362957937508327,
    "results_ttft_s_quantiles_p90": 1.158435340401047,
    "results_ttft_s_quantiles_p95": 1.187988552200113,
    "results_ttft_s_quantiles_p99": 1.211631121639366,
    "results_ttft_s_mean": 1.122594752900477,
    "results_ttft_s_min": 1.0531556519999867,
    "results_ttft_s_max": 1.2175417639991792,
    "results_ttft_s_stddev": 0.042819023991229575,
    "results_end_to_end_latency_s_quantiles_p25": 17.19786000050135,
    "results_end_to_end_latency_s_quantiles_p50": 17.968340421999528,
    "results_end_to_end_latency_s_quantiles_p75": 18.194552015250338,
    "results_end_to_end_latency_s_quantiles_p90": 18.31972411250099,
    "results_end_to_end_latency_s_quantiles_p95": 18.558432307250403,
    "results_end_to_end_latency_s_quantiles_p99": 18.749398863049937,
    "results_end_to_end_latency_s_mean": 16.92037892220069,
    "results_end_to_end_latency_s_min": 9.174097132003226,
    "results_end_to_end_latency_s_max": 18.79714050199982,
    "results_end_to_end_latency_s_stddev": 2.8400408042529177,
    "results_request_output_throughput_token_per_s_quantiles_p25": 39.37287506090882,
    "results_request_output_throughput_token_per_s_quantiles_p50": 40.18977745297578,
    "results_request_output_throughput_token_per_s_quantiles_p75": 40.587663280824394,
    "results_request_output_throughput_token_per_s_quantiles_p90": 42.85028003742611,
    "results_request_output_throughput_token_per_s_quantiles_p95": 43.21921621093501,
    "results_request_output_throughput_token_per_s_quantiles_p99": 43.514365149742126,
    "results_request_output_throughput_token_per_s_mean": 40.382136185812655,
    "results_request_output_throughput_token_per_s_min": 37.93288810797797,
    "results_request_output_throughput_token_per_s_max": 43.58815238444391,
    "results_request_output_throughput_token_per_s_stddev": 1.6851966487940218,
    "results_number_input_tokens_quantiles_p25": 198.25,
    "results_number_input_tokens_quantiles_p50": 199.5,
    "results_number_input_tokens_quantiles_p75": 200.0,
    "results_number_input_tokens_quantiles_p90": 200.2,
    "results_number_input_tokens_quantiles_p95": 201.1,
    "results_number_input_tokens_quantiles_p99": 201.82,
    "results_number_input_tokens_mean": 199.3,
    "results_number_input_tokens_min": 197,
    "results_number_input_tokens_max": 202,
    "results_number_input_tokens_stddev": 1.4181364924121764,
    "results_number_output_tokens_quantiles_p25": 764.5,
    "results_number_output_tokens_quantiles_p50": 817.0,
    "results_number_output_tokens_quantiles_p75": 826.5,
    "results_number_output_tokens_quantiles_p90": 828.9,
    "results_number_output_tokens_quantiles_p95": 832.95,
    "results_number_output_tokens_quantiles_p99": 836.19,
    "results_number_output_tokens_mean": 758.9,
    "results_number_output_tokens_min": 390,
    "results_number_output_tokens_max": 837,
    "results_number_output_tokens_stddev": 135.42808669794707,
    "results_num_requests_started": 10,
    "results_error_rate": 0.0,
    "results_number_errors": 0,
    "results_error_code_frequency": "{}",
    "results_mean_output_throughput_token_per_s": 44.08860261068166,
    "results_num_completed_requests": 10,
    "results_num_completed_requests_per_min": 3.485724280723283
}