{
    "version": "2023-08-31",
    "name": "Mistral-large_800_200_summary",
    "model": "Mistral-large",
    "timestamp": 1724929638,
    "subscription_id": "75703df0-38f9-4e2e-8328-45f6fc810286",
    "resource_group": "rg-sonata-sweden",
    "workspaces": "llmperf-project-sweden",
    "region": "swedencentral",
    "Provider_Platform": "Azure MaaS",
    "source_mean_input_tokens": 800,
    "source_stddev_input_tokens": 2,
    "source_mean_output_tokens": 200,
    "source_stddev_output_tokens": 2,
    "source_num_concurrent_requests": 1,
    "source_max_num_completed_requests": 10,
    "results_inter_token_latency_s_quantiles_p25": 0.0264109350040508,
    "results_inter_token_latency_s_quantiles_p50": 0.026620159759031026,
    "results_inter_token_latency_s_quantiles_p75": 0.026696165536249847,
    "results_inter_token_latency_s_quantiles_p90": 0.026803632937635356,
    "results_inter_token_latency_s_quantiles_p95": 0.027010824855379454,
    "results_inter_token_latency_s_quantiles_p99": 0.027176578389574733,
    "results_inter_token_latency_s_mean": 0.0265558924174634,
    "results_inter_token_latency_s_min": 0.025870176884522013,
    "results_inter_token_latency_s_max": 0.027218016773123552,
    "results_inter_token_latency_s_stddev": 0.0003558852967068339,
    "results_ttft_s_quantiles_p25": 1.1510265084998537,
    "results_ttft_s_quantiles_p50": 1.1583014090010693,
    "results_ttft_s_quantiles_p75": 1.1822469137523512,
    "results_ttft_s_quantiles_p90": 1.2023057670005073,
    "results_ttft_s_quantiles_p95": 1.2102131400002691,
    "results_ttft_s_quantiles_p99": 1.2165390384000785,
    "results_ttft_s_mean": 1.1670305973009818,
    "results_ttft_s_min": 1.1299174480009242,
    "results_ttft_s_max": 1.2181205130000308,
    "results_ttft_s_stddev": 0.026909161011712736,
    "results_end_to_end_latency_s_quantiles_p25": 5.506663247999313,
    "results_end_to_end_latency_s_quantiles_p50": 5.532674205998774,
    "results_end_to_end_latency_s_quantiles_p75": 5.5907717212503485,
    "results_end_to_end_latency_s_quantiles_p90": 5.617809649397896,
    "results_end_to_end_latency_s_quantiles_p95": 5.6253263612003135,
    "results_end_to_end_latency_s_quantiles_p99": 5.631339730642249,
    "results_end_to_end_latency_s_mean": 5.526617324600011,
    "results_end_to_end_latency_s_min": 5.280919368000468,
    "results_end_to_end_latency_s_max": 5.632843073002732,
    "results_end_to_end_latency_s_stddev": 0.09991440185052872,
    "results_request_output_throughput_token_per_s_quantiles_p25": 33.222228286288924,
    "results_request_output_throughput_token_per_s_quantiles_p50": 33.382810455587915,
    "results_request_output_throughput_token_per_s_quantiles_p75": 33.492617348685584,
    "results_request_output_throughput_token_per_s_quantiles_p90": 34.13429302955475,
    "results_request_output_throughput_token_per_s_quantiles_p95": 35.20835246546948,
    "results_request_output_throughput_token_per_s_quantiles_p99": 36.067600014201275,
    "results_request_output_throughput_token_per_s_mean": 33.65403675999109,
    "results_request_output_throughput_token_per_s_min": 33.05600465458638,
    "results_request_output_throughput_token_per_s_max": 36.28241190138422,
    "results_request_output_throughput_token_per_s_stddev": 0.9529635904228221,
    "results_number_input_tokens_quantiles_p25": 799.0,
    "results_number_input_tokens_quantiles_p50": 799.5,
    "results_number_input_tokens_quantiles_p75": 800.0,
    "results_number_input_tokens_quantiles_p90": 801.2,
    "results_number_input_tokens_quantiles_p95": 802.1,
    "results_number_input_tokens_quantiles_p99": 802.82,
    "results_number_input_tokens_mean": 799.6,
    "results_number_input_tokens_min": 797,
    "results_number_input_tokens_max": 803,
    "results_number_input_tokens_stddev": 1.6465452046971294,
    "results_number_output_tokens_quantiles_p25": 202.0,
    "results_number_output_tokens_quantiles_p50": 204.5,
    "results_number_output_tokens_quantiles_p75": 206.0,
    "results_number_output_tokens_quantiles_p90": 206.2,
    "results_number_output_tokens_quantiles_p95": 207.1,
    "results_number_output_tokens_quantiles_p99": 207.82,
    "results_number_output_tokens_mean": 203.4,
    "results_number_output_tokens_min": 194,
    "results_number_output_tokens_max": 208,
    "results_number_output_tokens_stddev": 3.9777157040470135,
    "results_num_requests_started": 10,
    "results_error_rate": 0.0,
    "results_number_errors": 0,
    "results_error_code_frequency": "{}",
    "results_mean_output_throughput_token_per_s": 34.93488305388182,
    "results_num_completed_requests": 10,
    "results_num_completed_requests_per_min": 10.30527523713328
}